{"position": 1, "entry_price": 4.159999847412109, "max_price": 4.159999847412109, "min_price": Infinity}